id,current_ua,ambient_c,humidity_pct,body_temp_c,sample_ph,hours
1,1077.061,38.7,16.6,37.2,7.24,25.16
2,1045.746,20,46.9,36.9,6.87,23.42
3,1043.141,26.1,54.7,36.7,7.27,24.36
4,1052.53,30.1,50.4,37.3,7.04,22.08
5,1077.09,27.1,82.5,37.1,7.02,21.21
6,1072.235,27.6,81.5,37.4,7.12,20.03
7,1034.869,28.5,92.1,37,7.24,25.82
8,1076.731,21.5,59.6,36.8,7.33,21.95
9,1014.875,23.3,66.6,36.6,6.97,21.46
10,1066.9,24.9,72.8,37.4,6.95,22.57
11,1051.013,27.9,90.4,36.7,7.14,23.98
12,1014.524,16.7,76.8,36.7,7.01,21.89
13,1017.867,22.5,84.3,37.4,7,23.94
14,1089.203,30.3,66.3,37.1,6.88,26.59
15,1061.625,26.8,81.9,37.1,7.14,27.02
16,1045.641,27.6,78.6,36.6,6.98,26.59
17,1113.844,30.4,62.2,37,7.29,21.94
18,1062.396,28.5,62.5,37.2,7.38,22.28
19,1092.211,40.4,41.1,37.3,7.21,25.34
20,1089.382,36.1,66.5,37,7.13,21.37
21,1049.49,26.5,65.3,37,7.3,23.09
22,1035.226,25.3,91,37.2,7.4,23.44
23,1069.32,32.7,75.8,37,7.14,23.37
24,1062.646,36.2,31.9,37.4,6.98,21.6
25,1094.516,33.6,31.7,36.9,7.19,22.87
26,1050.169,22.8,92.6,36.5,6.75,22
27,1011.929,26,90.7,37.1,6.99,24.74
28,1014.788,32,48.8,37.6,6.96,21.62
29,1018.506,29.9,52.9,36.9,7.17,25.89
30,1060.998,27.8,93.9,37.1,7.14,23.9
31,1044.113,27.6,85.9,37,7.19,25.88
32,1048.173,26.6,99.4,37,6.86,21.64
33,1038.214,29.7,79.8,36.9,6.81,18.15
34,983.946,2.1,76.4,37.1,7.16,22.9
35,1021.943,15,22.6,37.4,7.28,23.05
36,1018.71,25.8,45.5,36.9,7.02,22.44
37,1096.073,37.4,66.4,36.9,7.19,24.85
38,1069.559,28.1,79.8,37.2,7.15,24.27
39,1100.679,29.2,63.6,37.4,7.14,21.62
40,1064.407,44.9,32,36.9,7.07,23.85
41,1091.757,29,80.4,37,7.41,23.87
42,1043.737,30.1,51.4,37.2,6.97,19.66
43,1017.554,28.8,90.2,36.8,7.32,20.07
44,1048.65,11.1,80.7,37.4,7.02,22.92
45,1089.137,31.5,68.8,37.2,6.86,25.76
46,1024.989,22.5,74.7,37.1,7.13,21.66
47,1072.177,31.9,71.7,37.2,7.04,18
48,1022.802,33.4,29.1,36.9,6.97,25.32
49,1049.816,28.6,54.2,37,7.19,20.43
50,1087.508,30,81,36.5,7.02,24.7
51,1033.911,12.9,34.8,36.8,7.45,23.86
52,1046.892,29.1,72.9,36.9,7.07,22.93
53,1027.423,13.6,65.8,37.1,7.09,19
54,1079.082,14.6,70.2,37.2,6.67,22.72
55,1039.393,33.3,37.5,37.2,6.97,26.83
56,1022.33,9,68.3,37.2,7.18,23.73
57,1081.848,32.8,84.5,37.1,7.24,25.37
58,1056.482,29.3,75.9,37.5,6.92,21.49
59,1087.15,27.9,87.6,37.1,7.15,23.91
60,1066.836,31.3,69.6,37.4,6.92,24.4
61,1055.888,36.8,43.8,37,7.15,23.03
62,1023.282,28.7,45.6,37.5,7,18.69
63,1021.462,22.4,54.1,37.5,7.27,27.5
64,1033.151,41.9,26.8,36.3,7.49,19.71
65,1072.47,35.1,84.4,37.4,7.17,24.71
66,1034.566,32.3,53.4,37,7.11,22.44
67,1046.418,24.6,84.2,36.7,6.92,25.78
68,1023.448,28.7,51.2,36.7,7.26,22.55
69,1033.616,29.1,77.3,37,6.89,23.64
70,1018.761,5.4,46.6,36.9,7.21,25.73
71,1044.473,25.5,64.8,37,7.19,23.08
72,1013.797,26.6,79.7,36.6,7.35,21.61
73,1028.008,26.6,92.2,36.9,7.27,23.56
74,1053.332,21.7,95.7,36.6,7.12,23.83
75,1065.485,24.3,68.4,37,7.08,27.42
76,1019.063,22.8,53.6,36.9,7.5,26.28
77,1043.088,31.7,63.4,37.2,7.35,22.59
78,1046.107,26.8,76.9,36.8,6.91,21.46
79,1013.559,38.9,14.4,37.1,7.28,23.75
80,1033.058,30.5,75.3,37.5,7.16,22.89
81,1028.421,12.8,66.1,37.1,6.97,20.17
82,1069.115,24.6,59.2,36.8,7.3,24.22
83,1106.068,28.7,56.8,37.4,7.13,23.79
84,1065.279,28.4,82.5,37,7.06,24.91
85,1021.879,29.6,46.7,36.4,7.2,18.69
86,1056.794,33.2,84.9,37,7.21,22.8
87,1031.312,28.7,66.5,37.1,7.15,24.98
88,1042.155,24.3,60.9,37.1,6.97,22.98
89,1062.899,15.4,72.1,36.9,7.22,24.12
90,1034.809,30,34.3,36.7,7.09,22.63
91,1048.782,28.1,89.2,37,7.15,19.05
92,1075.133,21.2,68.3,36.6,7.19,25.44
93,1025.884,24.1,87.9,37,7.03,22.4
94,1059.177,28.8,52,37,7.12,25.38
95,1014.025,28.8,52.2,36.2,7.26,22.55
96,1030.322,26.5,28.4,37.1,7.26,18
97,1047.159,28.4,54.7,36.5,7.14,24.16
98,1062.035,38.5,20.3,37.4,7.13,21.13
99,1011.373,27.1,77.9,36.9,7.35,19.77
100,1036.273,30.9,83.3,36.8,7.24,26.65
101,1067.586,29.4,81.1,37.6,7,23.6
102,1061.81,30.2,88.7,37,6.97,21.64
103,1028.382,38,61.4,36.9,7.14,21.06
104,1085.044,33.6,42.1,36.7,7.21,24.44
105,1019.403,15,53.6,36.5,7.34,22.5
106,1042.889,36,65.6,37.2,7.43,24.86
107,1075.799,38.2,32.7,37.5,7.21,25.15
108,1091.715,23.5,59.9,36.7,6.82,20.79
109,1073.516,31.3,57.2,37.1,7.24,21.83
110,1058.773,27.7,87.3,36.9,7.32,24.47
111,1065.975,34,71.7,37.1,6.9,21.7
112,1053.135,26.9,89.7,37.4,7.08,26.4
113,1040.639,11.2,100,37.1,6.8,23.76
114,1045.013,30.2,78.1,37,6.91,21.3
115,1009.12,22.7,77.1,37.5,7.15,23.89
116,1009.352,16,55.9,36.9,7.12,24.3
117,1059.834,24.5,75,36.7,7.03,22.25
118,1016.722,31.5,81.8,37.1,7.23,19.48
119,994.451,2.4,83.9,36.7,7.47,23.37
120,1082.541,34.6,74.1,37.6,7.28,24.19
121,1042.916,28.1,63.4,36.7,7.11,22.09
122,996.681,13.5,79.3,36.9,7.31,22.61
123,1087.611,29.8,41.3,37,7.11,24.26
124,1038.265,26,99.8,37.3,7.16,21.08
125,1039.104,30.9,70.9,37.6,7.33,20.76
126,1051.194,38.6,12.3,37.1,7.14,19.81
127,1044.894,27.1,63.6,36.6,6.68,26.54
128,1007.5,18.3,58.1,36.8,7.18,23.6
129,1027.349,29.5,94.8,37,7.04,21.35
130,1086.298,29.3,54.4,37.3,7,22.46
131,1080.293,37.9,22.5,36.3,7.28,22.44
132,1073.158,32.2,65.2,36.5,7.03,20.49
133,1007.502,28.6,74.1,37.1,7.09,25.33
134,1024.299,29.8,51.9,37.1,7.29,23.12
135,1002.526,12.1,75.4,37,7.04,23.17
136,989.102,28.8,30.8,37.1,7.27,20.98
137,1048.214,31.9,74.7,37,6.99,25.75
138,1041.691,22.4,60.4,36.8,6.97,26.25
139,1086.016,39.3,27.5,37,6.91,22.84
140,1015.217,13.9,87.9,37,6.97,25.3
141,1075.352,15.7,18.4,37.2,7.05,25.16
142,1063.105,30.7,72.8,37,7.23,21.31
143,1023.226,28.1,62.4,36.9,7.05,23.85
144,1060.29,38.2,49.3,37,7.33,23.9
145,1077.904,28.8,64.3,36.9,7.25,28
146,1057.201,29.2,87.6,37.1,7.03,22.41
147,1076.439,25.7,85.8,36.7,7.26,22.76
148,1015.469,23.6,42.7,37.4,7.12,21.99
149,1039.728,29.7,89.4,36.9,7.03,21.16
150,1085.227,36.8,56.8,37.4,7.34,22.14
151,993.552,12,64.6,36.6,7.15,25.38
152,1065.577,30.6,62,37.1,7.07,22.05
153,1024.606,29.7,74.2,37,7.39,21.64
154,1068.181,31.5,52.2,37.1,7.19,25.22
155,1027.873,17.5,36.4,37.1,7.42,21.05
156,1044.599,35.3,58.8,36.4,7.24,22.82
157,1057.32,26.3,72.3,37.2,7.03,22.48
158,1033.534,28,77.4,36.7,7.26,24.62
159,1054.167,33.1,78.4,36.9,7.04,22.39
160,1071.057,28.2,50.6,36.7,6.96,26.42
161,1038.189,37.6,28.3,37.1,7.32,23.48
162,980.77,28.9,76,37.1,7.24,24.36
163,1035.139,22.4,48,37.1,7.33,24.91
164,1059.141,34.8,65.8,37.5,7.22,19.8
165,1049.342,27.5,78.3,37.6,7.07,24.1
166,1024.2,25.2,90.3,36.8,7.11,20.36
167,1015.089,30.2,59.6,36.9,7.01,22.83
168,1034.756,25,91.1,37,6.86,21.5
169,1043.954,28.6,95.7,36.4,7.09,24.34
170,1077.86,30.6,41,36.9,7.01,23.04
171,1008.829,32.6,69.3,36.8,6.87,19.83
172,1035.725,28.5,89.1,36.5,7.22,23.29
173,1003.46,34.8,60.8,36.9,6.98,21.56
174,1046.429,31.4,50.1,37,7.13,21.7
175,1041.047,25.7,75.3,36.7,7.31,23.04
176,1033.814,29.4,86.9,37.3,7.13,23.72
177,1032.424,20.4,71.3,36.9,7.07,19.24
178,1090.35,35.8,30.9,37.1,6.98,21.27
179,997.43,14.8,71.4,36.7,7.36,24.84
180,1057.219,30,79.6,37.4,7.05,23.52
181,1085.004,31.6,68.1,37.2,6.84,19.68
182,1022.455,30.1,94,36.7,7.01,22.57
183,1003.636,8.5,76.7,37.3,7.3,22.58
184,976.515,1.6,52.9,37.1,7.36,21.82
185,1041.035,31.9,62.8,36.8,7.17,22.97
186,1043.569,27.2,70.1,36.9,7.08,22.26
187,1058.371,24,89.2,37.1,7.04,22.33
188,1016.007,33.5,54.4,37,7.18,20.75
189,1060.579,26.4,51.7,37.5,7.45,24
190,1040.692,26.6,54.6,36.7,7.02,22.06
191,1092.914,24,91,36.6,7.11,21.16
192,970.284,-2.7,60.7,37.2,7.4,23.99
193,1022.854,7.7,63.4,37.7,6.88,23.94
194,1055.743,29.3,71.2,37.1,7.04,22.31
195,1083.948,33.9,56.3,37.1,7.11,22.9
196,1030.13,26.7,72.6,36.7,7,25.75
197,1028.314,16.5,100,37.2,7.1,23.57
198,1018.975,12.6,74.7,37.1,7.11,22.7
199,1034.936,9,82,37.1,6.65,23.39
200,1023.066,24.9,65.3,37.3,7.25,23.81
201,1060.498,21.1,53.4,36.8,7.25,24.03
202,1069.186,29.5,89.1,36.8,7.15,24.51
203,1049.904,30.4,90.7,37.1,7.24,21.24
204,998.966,9.2,53.8,36.7,7.09,22.38
205,1047.619,17.4,72.6,36.9,6.97,24.88
206,1062.914,24.8,78.9,36.7,6.95,22.61
207,1047.705,27.5,69,37.2,6.92,23.55
208,1095.677,30.4,54.3,36.1,7.14,25.48
209,1059.538,28.4,81.1,37.2,6.94,24.01
210,1049.541,30.1,100,37.1,6.99,19.46
211,1026.313,27.9,45.1,36.8,7.15,25.24
212,1063.129,25,69.9,36.9,7.12,21.27
213,1026.646,22.4,66.4,36.6,6.98,24.75
214,1063.943,32.8,61.9,37.3,7.09,22.79
215,1079.661,26.1,63,36.2,7.09,24.85
216,1041.903,34.9,72.4,37.1,7.13,22.37
217,1055.784,33.8,72,37,7.03,24.2
218,1021.133,19.2,42.4,36.8,6.94,22.7
219,1055.336,23.2,87.4,37.1,7.13,20.72
220,1009.891,29.2,69.1,37.2,6.94,24.64
221,1015.023,26.5,59.2,36.7,7.28,26.29
222,1032.344,27.3,57.7,36.9,7.2,22.67
223,1041.408,28.1,77,37.2,7.02,21.01
224,1046.144,27.8,28.1,37.7,7.26,22.47
225,1070.986,32.1,65.5,36.7,7.27,24.44
226,1046.122,33.3,60.2,37.2,7.2,21.85
227,1032.536,15.6,63.2,36.6,6.89,23.1
228,1023.017,38.7,32.4,37,7.36,21.34
229,1019.748,9.5,40.4,36.8,7.38,23.46
230,1066.98,20,62.6,36.8,7.06,24.12
231,1075.345,20.6,73,37.1,7.27,20.97
232,1071.035,27.6,34.9,36.9,7.21,22.85
233,1008.369,29,51.8,36.7,7.43,23.37
234,1054.596,36.1,50.1,37,7.07,25.75
235,1029.633,23.6,97.3,36.5,7.03,24.18
236,1037.654,18.6,75.5,37.6,6.89,21.68
237,1100.025,33.3,60.2,36.8,7.18,22.62
238,1086.262,29.4,74.7,36.7,7.17,23.71
239,1062.68,23.7,70,36.6,7.19,22.1
240,1098.083,27.1,87.1,36.9,7.07,22.51
241,1001.078,8.2,55.3,37.1,7.09,25.64
242,1023.161,23.5,31,36.4,7.29,24.58
243,1005.581,0.1,78.4,36.5,7.2,21.09
244,1108.969,36.4,36.9,37.1,7.22,19.87
245,1047.124,31.2,85.8,36.7,6.88,24.84
246,987.734,9.4,87.7,36.5,7.08,23.73
247,1078.24,41.5,25.8,36.3,7.17,23.81
248,994.157,22.4,23.9,37.2,7.32,23.64
249,1006.07,12,38.8,37,7.06,23.07
250,1028.503,4.6,48.7,37.1,6.95,23.93
251,1033.624,26.8,53.2,37.3,6.97,23.92
252,1110.173,41.1,27.5,36.9,7.36,24.96
253,1031.1,10.4,52.9,36.7,7.2,25.8
254,1046.328,34,45,37.3,6.98,23.5
255,1066.35,32,100,37.2,7.03,24.78
256,1065.205,29,71.5,37.1,7.17,23.84
257,1037.28,14.2,55.7,36.8,6.95,24.56
258,1017.954,26.8,90.1,37,7.18,22.23
259,1015.183,32.1,60.2,36.9,7.1,22.29
260,1049.848,29.8,89.6,37.1,7.09,21.68
261,992.859,27.8,75.1,37.1,7.02,25.19
262,1049.689,12.1,27.1,37.1,7.08,24.23
263,1039.819,29.4,74.1,37.4,7.14,23.29
264,1003.948,24.7,54.9,36.7,6.91,25.23
265,987.367,6.9,88,36.7,6.83,25.47
266,1069.5,24.4,63.4,37,7.18,25.9
267,1016.247,23.6,54.1,36.8,7.15,21.09
268,1038.803,26.4,69.4,37,6.99,21.15
269,1029.928,41.6,40.4,36.5,6.99,21.7
270,1057.806,31.7,45.5,36.7,6.97,23.14
271,1080.006,22.1,72.1,36.8,7.06,25.68
272,1055.172,19.8,80,37.2,6.92,26.08
273,1025.368,4.4,51.2,37.2,7.16,23.68
274,1017.195,12,45.1,37.2,7.3,22.91
275,1071.219,25.4,56.2,37.1,7.1,22.33
276,1058.173,31.7,37.8,37,7.11,22.26
277,1085.451,24.5,79.9,36.8,6.85,25.76
278,1042.102,19.8,78.3,36.8,7.13,22.53
279,1036.118,21.9,61.7,36.7,6.98,21.57
280,1059.084,27.7,87.8,36.8,7.12,23.94
281,1042.299,10.4,76.1,37,6.91,24.77
282,1076.39,29.7,60.4,37.2,7.08,27.73
283,1051.512,34.9,16.2,37.1,7.26,25.91
284,1092.797,25.3,90.5,36.8,7.34,21.47
285,1048.162,28.4,60.3,36.9,7.1,19.16
286,1015.546,28,79.5,36.8,7.31,24.63
287,1063.01,29.2,46.6,37.2,7.17,24.94
288,1122.236,29,42.7,36.7,7,25.49
289,1060.642,27.9,46.8,37.1,7.21,22.49
290,1043.69,29.6,53.9,37,6.78,21.3
291,1070.571,28.4,100,37.1,7.01,23.97
292,1060.101,28.8,89.9,37.6,6.91,21.15
293,1070.228,27.2,59,36.9,7.07,24.84
294,1049.1,33,30.5,36.8,6.95,22.38
295,1079.815,32.9,88.5,36.6,7,27.18
296,1021.156,25.2,27.4,37.5,7.2,24.07
297,1001.338,14.5,70,37,7.24,23.17
298,1023.94,29.2,62.6,36.7,7.05,24.3
299,1040.159,28.4,67.2,37,6.89,22.9
300,1061.878,33.2,76.1,37.5,7.24,26.52
301,1075.528,28.7,88.1,37,7.27,21.75
302,1074.999,26,47.6,36.7,7.11,22.09
303,1034.64,29.9,50.7,37.3,6.78,23.42
304,1033.816,29.8,64.1,36.4,7.2,20.62
305,1061.181,22.5,67.8,36.8,6.77,25.55
306,1048.334,18.9,22.9,36.9,7.15,24.34
307,1064.309,27.8,51,37.1,7.34,24.58
308,1088.461,32.3,74.1,37.1,6.97,24.4
309,1044.774,23.2,64.2,37.1,7.18,23.62
310,1034.837,37.1,70.7,37.1,7.24,23.8
311,1045.615,45,27.8,36.8,7.04,21.43
312,1023.195,27.3,73.8,37,7.23,26.04
313,1021.234,29,93.2,36.8,7.2,24.78
314,1043.977,16,48.3,36.6,6.99,21.1
315,1059.087,26.9,53.6,37.2,6.93,24.25
316,1013.106,22.2,77,37,7.01,19.07
317,1081.076,39.4,14.4,37.1,7.12,22.4
318,1057.743,27.3,90.9,37.1,7.13,19.93
319,1048.288,29.5,89.9,36.7,7.04,22.73
320,1070.054,33,74.3,37.3,6.9,25.66
321,1057.973,31.2,63.1,37.6,7.26,25.09
322,1022.909,25.6,70.3,36.9,7.33,26.06
323,1061.137,27,53.2,37.1,6.8,24.77
324,1023.862,30.2,61.2,37.6,7.03,25.96
325,1026.601,26.8,40.1,37.3,7.33,22.03
326,1099.562,29.9,90.2,37.2,6.95,21.94
327,1058.864,29,54.1,37.5,7.24,23.93
328,1048.794,25.2,76.7,36.2,7.05,20.7
329,1052.673,39.5,28,37.6,7.38,22.7
330,1024.402,31.8,55.5,37.1,7,24.25
331,1072.106,40.5,22,37.3,7.05,24.64
332,1037.152,24.9,75.5,36.8,7.07,21.51
333,1040.065,27.6,72.6,36.8,7.05,22.52
334,1016.735,27.9,88.8,37.3,6.98,20.92
335,1034.135,27,82.2,36.8,6.89,23.36
336,1047.999,29.2,80.5,36.9,6.95,21.3
337,1028.894,12.9,38.2,36.8,7.18,28
338,1042.584,26.4,58,37,6.85,21.33
339,1097.591,32.7,43.4,37,7.03,22.36
340,1062.343,31.7,91.5,37.2,7.13,19.14
341,1047.435,29.2,60.1,37,6.9,26.41
342,1013.014,33.7,49.3,37.3,7.07,21.15
343,1099.292,31.1,82.8,36.9,7.04,26.25
344,1112.236,45,28.4,37.2,6.91,20.66
345,1048.104,38.9,19,36.9,7.03,21.92
346,1069.659,22.8,80,36.6,7.12,21.97
347,1024.912,22.1,67.2,37.3,7.13,23.97
348,1022.728,25.8,90.5,37.1,7.03,21.23
349,1013.033,40.1,42.3,36.9,7.2,21.83
350,1049.618,24.9,59.1,36.7,7.01,22.63
351,971.24,23.3,24.6,36.8,7.21,22
352,1019.585,7.4,85.8,36.8,7.14,18.74
353,995.006,28.1,72.6,37.1,7.6,26.45
354,1031.892,27.4,87.3,37,7.02,23.66
355,1031.198,25,91,36.8,6.91,25.51
356,1056.426,22.9,74.3,36.7,7.21,26.7
357,1028.502,27.6,90.3,37,7.27,24.49
358,1046.218,29.4,49.2,37,7.16,23.43
359,1009.605,17.9,79.8,37.2,7.02,24.91
360,1012.955,32.6,67.7,36.8,7.07,22.22
361,1076.081,42,25.3,37.3,7.12,20.7
362,1073.161,25.3,34.1,36.9,6.89,24.55
363,1075.405,31.4,68.3,36.7,7.36,22.53
364,1041.886,33.4,36.7,36.8,7.04,20.89
365,983.658,16.1,61.1,37,7.02,23.54
366,1073.311,30.4,29.3,36.6,7.44,23.21
367,1045.474,22.6,27.3,37.1,7.17,25.54
368,1022.426,13.7,69.3,36.4,6.96,23.19
369,1045.41,25.7,100,37.4,7.16,22.58
370,1052.499,26.1,85.6,37.1,6.9,22.69
371,1055.19,24.2,78.1,36.8,7.38,20.33
372,1046.117,29,72.6,37.3,7.03,25.65
373,1005.155,25.4,73.8,36.8,7.25,18
374,1029.507,23.2,76.6,37.3,7.02,25.31
375,1028.646,24.3,81.9,37,7.16,23.07
376,1043.277,24.5,53.4,37.1,6.97,23.89
377,1055.7,23.6,72,36.7,7.07,23.31
378,1074.217,26.8,86.8,37.2,6.78,22.33
379,1037.839,26.7,84.4,36.6,6.98,21.43
380,1030.753,37.2,51.4,36.9,7.15,22.21
381,1010.091,28.6,82.3,37,7.01,23.64
382,1021.296,32,70.2,37.1,7.2,26.41
383,1063.093,25.8,89.6,36.8,7.35,24.11
384,972.578,11.2,61.3,37.3,7.13,20.77
385,992.607,24.3,73.7,37,7.28,23.29
386,1009.995,17.7,79.1,36.9,7.15,25.56
387,1040.015,35.1,65.8,37,7.19,24.71
388,1019.62,31.3,93.6,36.8,7.13,24.14
389,1037.682,26.8,47.6,36.6,7.08,20.58
390,1071.052,26.6,73,36.9,6.98,26.31
391,1019.663,12.1,30.8,37.1,7.09,24.48
392,1048.313,30.4,43.2,37,7.07,22.92
393,1075.402,31.1,44.9,37,7.19,20.96
394,1042.863,26.9,66.8,37.2,6.78,21.79
395,1052.179,33.3,64.7,36.8,7,21.21
396,1000.351,14.2,59.5,36,7.05,19.74
397,995.557,3.8,66.6,37.3,7.15,23.91
398,1049.497,36.2,23.1,36.7,6.88,23.32
399,1008.992,24.6,65,36.7,7.2,24.55
400,1060.87,21,61,36.5,7.03,24.03
401,1030.43,30,89.2,36.7,7.03,25.66
402,1000.782,4,78.4,37.1,7.37,24.42
403,1078.085,36.8,42.6,36.6,6.85,19.23
404,1045.823,23.5,75.2,37,7.16,25.56
405,1071.225,29.1,53.2,36.8,7.24,23.9
406,1047.267,15.9,47.3,37.4,7.35,26.56
407,1025.807,31.4,24.8,36.8,7.25,24.51
408,1029.94,30.7,90.6,37.1,6.93,25.5
409,999.074,13.9,64.4,36.8,6.8,26.82
410,1047.776,25.4,86.5,37.3,6.9,24.88
411,1048.736,32,88.7,36.5,7.24,24.54
412,1046.553,17.6,29,37,6.86,23.6
413,1011.221,18.8,55.9,37.1,7.14,21.58
414,1032.725,33.6,67.2,36.9,7.11,25.35
415,1052.279,27.7,93.3,36.7,7.02,24.29
416,1037.799,37.1,21.3,37.3,7.26,25.71
417,1036.723,35.5,61.3,37.1,7.19,23.06
418,1035.061,25.5,68.8,36.5,7.33,22.58
419,1070.658,22.5,66.5,37.4,6.73,23.68
420,1006.424,20.2,57.1,37.5,6.97,25.27
421,1072.052,26.4,58.7,37,6.96,25.12
422,1016.145,27.1,74.3,37.5,7.1,23.9
423,1051.911,32.2,76.9,36.9,7.16,21.04
424,1016.324,33.4,77.8,37.1,6.96,23.52
425,1023.008,30.2,88.8,37,6.99,24.67
426,1089.102,32.7,31.5,37.5,7.22,20.32
427,1071.457,32.5,28.5,37.2,7.41,22.51
428,1005.193,4.9,83.5,36.6,7.33,26.18
429,1076.782,40.7,28.6,36.9,7.09,23.15
430,1056.673,26.8,83.7,37,6.77,21.04
431,1025.814,25.7,71.5,36.4,6.9,26.91
432,1037.409,22.9,72.1,37.1,7.12,20.61
433,1044.21,30.8,91.7,36.5,6.92,21.07
434,1053.832,29,79.2,37.6,7.27,25.05
435,1071.859,30.2,80.5,36.8,7.1,23.28
436,1082.352,18.7,60.4,36.9,7.1,20.23
437,1060.803,29,96.9,37.7,7.01,24.14
438,1060.725,25.8,68.8,37.1,6.72,23.25
439,1090.954,24.1,94.6,36.8,7.01,21.34
440,1013.034,26.9,83.8,37.2,7.12,21.94
441,1000.778,26.8,84.4,37.1,7.15,25.13
442,1041.437,16.5,60.8,37.1,7.27,25.69
443,1079.477,40.1,29,37.7,7.27,20.45
444,1057.795,32.8,32.9,37.1,7.04,26.18
445,1036.98,27.8,56.3,37,6.99,22.17
446,950,7.6,46.2,36.8,7.04,27.11
447,1079.692,21.5,34.4,37,6.96,26.79
448,1033.145,25.6,82.3,37,6.89,23.26
449,1060.579,36.2,27.8,37,7.13,20.88
450,1073.689,26.6,74.7,37.3,6.78,25.77
451,1015.422,23.8,38.8,36.9,7.12,21.97
452,1048.71,34.6,58,36.7,6.87,22.57
453,1085.365,40,24.6,37.2,7.44,22.9
454,1019.757,9.1,59.6,37.2,7.02,23.1
455,1058.001,27,74,37.1,7.09,21.93
456,1066.363,33.7,39.5,37.5,6.87,23.95
457,1057.182,26.4,88.4,37.4,6.75,18.01
458,1040.706,27.1,69.5,36.8,6.92,27.14
459,1038.919,24.3,76.6,37.4,7.37,20.52
460,1052.062,32.2,97.8,37.2,6.95,22.68
461,1082.405,28.7,96.6,37.3,6.91,23.63
462,1033.336,27.7,87.6,36.7,7.08,19.86
463,1060.594,26.4,100,36.4,7.07,23.25
464,994.743,29.7,34.4,37.1,7.02,25.39
465,1041.734,20.8,40.8,37,7.29,24.81
466,1028.464,36.8,43.1,37.1,7.16,23.57
467,1102.375,29.5,53.6,36.8,6.96,25.66
468,1017.01,19.6,46.7,37,6.93,21.16
469,1116.169,35.7,56,37.3,7.2,20.04
470,1047.237,22.6,57.2,36.7,7.26,22.55
471,1064.081,26.4,79.2,37.6,7.09,21.42
472,1021.332,10.3,56.2,36.5,7.05,23.22
473,1021.818,27.6,88.2,37.2,7.19,22.43
474,979.505,16,78.4,36.5,7.14,23.09
475,1019.97,35.7,38.6,36.8,7.25,21.73
476,1043.407,18.6,30.5,36.9,7.25,23.53
477,1033.559,27.3,88,36.9,7.15,22.63
478,1052.012,27,49.6,36.7,6.95,23.43
479,1045.665,19.7,33.5,37.1,7.22,21.35
480,1054.684,30.4,54.4,37,6.8,27.43
481,1070.158,23.6,61.3,37.1,7.16,20.48
482,1072.625,27.9,77.1,36.9,7.14,24.74
483,1046.686,26.6,59.8,37,7.12,22.7
484,1054.118,29.8,69,36.7,7.04,25.46
485,1084.599,31.8,39.8,37.8,7.17,22.7
486,1045.805,12.7,77.6,37.3,7.25,22.37
487,1071.914,26.9,87.7,37.3,7.05,25.91
488,1035.762,29.3,51.6,37,7.16,25.7
489,1038.342,17.5,40.6,36.5,6.93,18.73
490,1023.059,15.1,62.6,37.9,7.45,22.79
491,1038.929,33,70.4,36.5,6.83,24.17
492,1066.932,27,82.8,36.6,6.74,21.34
493,1032.471,25.9,61.5,37.2,7.09,22.68
494,1053.93,27.3,74.2,36.8,7.17,23.34
495,1081.243,27,47.8,36.3,7.15,20.05
496,1041.178,35.7,33.3,37.4,7.07,19.06
497,1058.518,30.3,74.5,37.1,7.09,22.98
498,1020.177,26.4,91.6,37,7.08,25.61
499,1013.932,19,31.7,37.2,7.06,21.48
500,959.671,4.4,47.1,36.3,6.94,22.83
501,1053.207,24.4,66.1,36.7,6.93,21.9
502,1066.078,30.9,39.4,37.1,7.33,22.18
503,1050.049,32.8,57.6,37,7.06,23.42
504,1006.108,21,57.8,36.5,6.87,23.32
505,1053.518,21.4,76.2,37,6.8,24.62
506,1012.406,26,88.4,36.7,7.1,19.41
507,1007.131,8.1,63.1,36.8,6.93,23.54
508,1012.826,24.8,72.2,36.8,7.27,23.98
509,1054.766,15.9,72.2,36.9,7.02,20.15
510,1012.478,21.1,65.2,37.3,7.16,22.38
511,1079.034,22.5,61.5,37.3,6.9,24.66
512,1055.429,42.4,25.4,37,6.93,23.99
513,994.826,16.5,48.4,36.8,7.1,24.18
514,1014.394,6.4,62.1,36.7,6.99,22.57
515,1049.382,27.3,79.2,37.1,7.34,24.99
516,1024.345,25.2,86.3,36.6,6.86,25.38
517,1075.243,41.8,32.4,36.6,7.11,23.35
518,976.534,17.6,59.3,36.9,7.19,22.68
519,1008.789,15.9,52.7,37.1,7.2,19.18
520,1056.554,27.2,93,37.4,7.18,23.76
521,1087.867,28.3,48.4,37.5,6.98,22.36
522,1034.571,43.3,15.9,37.2,7.04,23.44
523,1034.399,21.1,27.3,36.5,7.13,24.1
524,1039.537,28.8,69.3,37.6,7.13,19.78
525,1011.44,23.9,66,37.3,7.17,23.34
526,1054.524,32,68.3,37.3,7.22,23.78
527,1078.976,43,16.7,37,7.04,25.46
528,1063.754,30.2,36.1,36.9,7.27,23.86
529,1100.762,27.4,74.8,37.1,6.97,24.14
530,1043.566,7.1,55.8,36.9,7.08,23.37
531,1022.905,22.1,92.7,37,7.19,23.73
532,1020.37,16.9,11.7,37.5,7.35,20.8
533,1043.284,17.1,41.3,37,7.16,25.89
534,1131.358,31.7,37.4,37.4,7.38,20.75
535,1092.043,26,45,37.1,7.04,21.45
536,955.704,1.6,57.9,36.3,7.22,23.06
537,1008.446,16.7,66.2,37.4,7.16,22.94
538,985.471,32.1,64.7,36.6,7.19,21.74
539,1023.178,28.5,57.6,37,6.9,23.4
540,1033.82,27.8,80.4,36.8,7.19,22.82
541,1030.063,28,18.6,36.4,7.27,22.36
542,1059.369,21.9,66.9,37.4,7.22,20.17
543,1060.743,28.5,31.6,36.7,7.28,22.56
544,1001.969,24.9,61.7,37,7.22,23.6
545,1045.486,28.7,65,37.2,7.53,23.79
546,1032.079,35,31.8,37.2,7.17,23.41
547,1070.134,30.9,88.6,37.3,7.05,23.56
548,1041.528,21.2,73.8,36.7,7,23.59
549,1006.209,26.4,62.6,37.2,7,22.71
550,1030.116,23.2,71.4,36.9,6.8,22.39
551,1085.631,31.9,41.6,37.5,6.84,22.55
552,998.981,14.3,66.2,37.3,7.05,25.84
553,1064.377,29.7,52.7,37.4,6.96,21.82
554,1083.182,29.6,50.9,36.5,7,24.77
555,1014.521,9.7,68.6,36.8,7.3,23.46
556,1109.617,42.6,22.2,37.5,6.92,22.25
557,1031.081,27.5,69.9,36.9,6.94,22.73
558,1027.855,29.9,86.7,37.1,6.92,26.6
559,1064.848,22.1,89.9,36.9,7.08,25.54
560,1064.118,24.6,65.3,37,7.16,23.01
561,1008.241,27.5,89.7,37.1,7.13,18
562,1053.238,33.2,59.1,36.9,7.15,25.26
563,1060.422,28.2,79,37.3,7.06,22.05
564,1038.334,26.7,85.7,37,7.16,19.33
565,1084.063,36.3,37.9,36.9,7.1,21.58
566,1038.673,25.4,48.1,36.8,6.98,23.98
567,1068.903,38,33.1,37.6,7.09,21.98
568,1115.649,34.6,24.2,36.9,7.2,21.57
569,1048.978,7.9,64.1,37,7.15,18.15
570,967.068,24.8,55,37.3,6.88,24.14
571,1053.86,30.7,36.9,36.7,6.99,21.75
572,1039.056,27,35.7,36.7,6.97,21.92
573,1113.203,41.2,11.4,37.1,7.24,22.04
574,1044.308,26.3,48.4,36.3,7.25,25.36
575,1016.614,3.1,72.8,37.4,7.16,23.02
576,969.143,2.1,85.3,36.7,7.16,20.64
577,1005.258,30.9,82.2,37.4,7.08,24.78
578,1019.683,7.1,75.5,36.9,6.86,27.39
579,1057.457,31.5,49.3,37.3,7.15,20.82
580,1051.76,32.7,70.4,36.8,7.31,21.22
581,1052.994,33,46.6,37.2,7.08,23.99
582,1026.815,16.7,10.1,36.6,7.3,21.95
583,1028.925,25.9,37,36.4,7.12,21.07
584,1081.678,31.8,63.6,37.6,6.88,24.95
585,1075.554,21.9,72.4,36.8,7.13,24.21
586,1085.454,33.5,55.7,36.6,7.08,19.95
587,1033.245,25.9,86,36.7,6.97,20.27
588,1028.327,26.1,90.6,36.6,6.84,24.46
589,1058.777,27.6,81.3,37,6.83,23.77
590,1049.634,27.2,93,36.6,7.25,22.33
591,1027.877,28,84.1,37.4,6.92,25.07
592,1055.961,22.6,80.8,37.5,7.03,20.69
593,1007.737,29.5,86.6,37.1,6.99,24.01
594,1092.423,25.8,56.8,37.3,7.14,25.05
595,991.586,6.7,65.4,36.9,6.87,21.88
596,1050.942,23.9,50.6,36.9,6.87,24.43
597,1051.547,25.9,66.1,37.2,7.21,21.35
598,1034.689,28.6,94.6,36.8,7.39,23.06
599,1017.68,26.7,86.8,36.5,7,23.27
600,1057.365,30,90.2,36.3,7.39,21.45
601,1032.285,28.3,86.4,36.8,7.11,22.19
602,1062.784,29.9,45.7,37,7.21,24.64
603,1025.456,28.6,80.7,37.2,6.89,21.07
604,1028.258,30.2,92.5,37.1,7.24,23.7
605,1060.147,27.7,91.8,37,7.02,24.75
606,1052.004,28,49.3,36.7,6.75,24.22
607,1088.422,32.8,40.5,36.9,6.8,20.83
608,1078.292,43,39.5,36.8,6.96,21.31
609,1056.128,30.3,44.2,36.5,6.79,21.88
610,1030.666,22.8,78.4,37.3,7.05,24
611,994.51,25.3,86.8,37.1,7.19,21.48
612,1024.856,21.5,71.2,37.1,7.32,22
613,1020.47,29.6,73.6,37.4,7.14,20.33
614,1063.423,24.9,90.3,37.3,7.36,25.33
615,1018.336,7.1,47.7,37.1,7.18,23.77
616,1043.569,11.6,84.3,37.3,7.17,24.03
617,1015.753,27.1,91.1,36.6,7.24,23.57
618,1059.714,29.5,65.5,37,6.87,21.84
619,1033.054,28.5,70,37.1,6.96,22.08
620,993.398,28.4,90.1,36.8,7.24,20.61
621,1038.772,26.1,74.2,36.5,7.16,23.76
622,1026.432,34.1,62.7,37.2,7.1,25.12
623,1048.03,35.6,20.6,37,7.01,23.69
624,1063.978,31,39.2,36.9,7.29,27.15
625,1048.253,29.7,83.7,36.6,7.2,21.9
626,1081.57,38.7,39.5,37.2,7,21.72
627,1024.97,30.7,46.4,36.9,7.24,26.89
628,1029.062,17.7,62.8,37,7.19,22.89
629,1070.052,28.8,83.2,37.4,7.21,21.07
630,1039.202,31.8,57,36.7,7.17,24.31
631,1055.875,20.7,90.6,36.7,7.11,21.86
632,1011.483,14.3,46.6,37.4,7.13,22.4
633,1024.216,32.4,43,36.8,7.09,26.64
634,1047.302,28.3,60,37.1,6.96,24.57
635,1034.944,27.6,94.5,37.3,7.21,20.84
636,1058.116,35.5,32,37.2,6.81,23.32
637,1043.352,29.2,65.5,37.1,7.3,24.87
638,1051.729,36.9,73.1,36.7,7.06,23.98
639,1092.137,34.1,51.6,37,6.82,21.98
640,1061.92,38.2,26.9,37.4,6.72,22.79
641,1054.545,27.1,98.8,36.7,7.19,25.52
642,1011.374,30,52.7,37.3,7.18,21.92
643,1067.819,33.2,68.4,36.8,6.66,20.56
644,1038.281,25.9,31.7,37.2,7.16,25.78
645,1008.494,29.3,97.9,36.6,7.07,22.54
646,1035.721,8.8,74.4,36.9,7.19,27.31
647,1085.63,29.1,38.7,37.1,7.01,22.43
648,1023.065,22.7,64.3,37.2,7.08,26.33
649,1049.369,21.6,70.4,37.2,6.85,20.89
650,1075.238,32.5,38.4,37.2,7.3,23.5
651,1020.379,27.5,80.4,37.4,6.98,24.33
652,1044.35,27.6,38.6,36.6,7.06,23.49
653,1067.035,32.9,56.3,37,7.08,25.55
654,1059.915,25.5,64.4,36.7,6.89,24.16
655,1089.346,40.3,28.7,37.5,7.07,22.92
656,1047.207,26.8,89.7,37.1,7.13,22.92
657,1088.927,39.2,71.8,37.3,7.11,24.04
658,1067.422,38.1,27,37,6.67,22.02
659,1025.903,31.4,70.2,36.7,7.09,23.95
660,1017.184,30.9,61.5,36.8,7.11,24.4
661,1105.222,40.1,35,37.1,7.2,22.43
662,1056.346,15.8,23.7,36.7,7.16,22.49
663,1003.653,24.1,65.1,36.8,7.15,25.56
664,1066.804,30,67.2,36.6,7.2,23.77
665,1069.752,26,87,36.6,7.05,24.59
666,989.038,28,77.2,37.2,7.1,24.57
667,1059.868,31.9,72,36.7,6.62,23.58
668,1060.202,24.6,77.2,37.8,7.05,21.7
669,1037.863,23.8,83.6,36.9,7.03,23.53
670,1001.066,31.5,47.4,37.2,6.83,24.48
671,1041.952,29,84.5,36.6,6.98,19.81
672,1033.369,6.3,74.8,37.3,7.03,19.17
673,1081.989,29.3,78.6,37.1,7.05,21.25
674,1031.682,31.9,46.6,37,7.1,22.97
675,1084.712,37.7,32.4,37.1,7.26,20.9
676,987.536,20.2,22.2,37.1,7.24,23.19
677,1025.435,27.1,78.9,37.4,6.99,23.15
678,1011.658,40.7,28.6,37.4,7.22,21.94
679,1035.719,11.6,47.2,36.1,7.51,23.3
680,1032.129,15.9,100,37.2,7.21,22.72
681,1037.748,23.1,60.1,36.8,6.91,19.63
682,1130.781,32.6,59.6,37.1,7.03,25.72
683,1009.765,25.5,86.9,36.8,6.93,23.86
684,1017.102,22.3,81.6,37.3,7.29,23.95
685,1030.431,13.2,57.9,36.7,7.35,24.27
686,1019.695,27.5,35.4,36.8,7.12,22.98
687,1032.605,24.9,36.6,37.2,7.22,20.96
688,1035.963,28.9,56.3,37.2,7.25,20.69
689,1064.785,26.1,60.1,36.8,7.31,23.32
690,1076.962,25.5,86.7,37.3,7.03,25.59
691,1071.672,37,63.1,37.2,7.32,22
692,1086.722,36.2,32.4,36.6,7.12,18.62
693,1056.984,34.6,63.5,36.9,7.19,25.46
694,1059.493,34.9,46,37.2,7.09,21.54
695,1042.603,31.5,93.3,36.8,6.88,23.87
696,1052.113,26,85,37.2,7.23,20.22
697,1044.151,31.4,70.6,37,7.17,20.94
698,1025.958,29.6,53.7,36.8,7.08,25.24
699,1020.905,27.4,96.6,37.4,7.06,18.83
700,1053.116,25.6,33.5,37.4,7.15,18.56
701,1058.73,26.4,60.6,37.1,7.09,26.27
702,993.853,27.6,85.6,37,7.44,24.37
703,1070.269,31.7,65.7,36.8,7.1,28
704,1004.533,29.6,78.2,36.9,7.02,22.34
705,1030.843,29.5,74.8,37.3,7.17,22.72
706,1043.8,24.6,51,37,7.08,21.98
707,1042.081,25.7,80.4,37,7.15,21.53
708,1015.585,24.3,50.8,37.7,6.93,22.12
709,1077.071,35.9,60.1,36.7,7.3,24.08
710,1087.392,27.9,98.7,37.6,6.97,23.77
711,1066.196,27,49.7,36.9,7,25.14
712,1058.891,23.8,49.7,37.3,7.09,23.7
713,1069.271,31,46.7,36.6,6.96,23.04
714,1052.788,37.4,25.8,36.9,7.3,20.32
715,1055.832,34.2,58,37,7.35,23.58
716,1016.179,4.1,61.7,37.1,6.87,23.2
717,1017.908,25.2,82.4,37.1,7.31,23.27
718,1027.835,15.5,24,37.2,7.49,24.01
719,1012.455,28.2,79.3,36.4,6.98,26.41
720,1022.638,24.5,65.8,37.2,6.94,23.14
721,1037.722,15.1,72.5,37,7.11,23.4
722,1031.894,25.9,85.4,36.7,7.1,28
723,1088.714,27.9,73.8,36.9,7.17,21.82
724,1026.565,18.7,79.8,36.5,7.02,22.86
725,1056.841,32.1,41.8,36.9,7.13,23.2
726,1005.56,26.7,80.1,37.1,7.16,23.1
727,1034.086,29,90.8,36.8,6.98,24.07
728,1045.596,29.1,65.1,37.3,7.12,22.58
729,1069.312,34.2,63.3,37.7,6.98,21.94
730,1039.788,26.3,84.9,37,7.52,20.74
731,1067.684,28.5,68.4,37,7.1,24.95
732,1047.226,23,68.2,36.7,6.93,20.45
733,1007.473,23.3,58.1,37.1,7.38,19.29
734,1044.422,29.6,50.2,37.1,7.05,23.74
735,1045.293,42.2,10.4,37,7.19,26.46
736,969.07,6.8,64.4,37.1,7.02,22.14
737,1059.907,42.1,26.6,36.8,7.28,21.98
738,1072.393,25.6,79.2,37.7,7.21,21.99
739,1051.462,33.9,30.6,37.1,6.98,23.8
740,1051.315,39.4,35,37.1,7.06,20.6
741,1131.423,35.4,50.2,37,6.98,20.85
742,1096.26,30.7,64.2,37.2,7.25,24.01
743,1001.219,20.8,66.9,37,7.41,25.41
744,1069.581,30.5,60.1,37,6.98,24.31
745,1077.859,34.9,59.9,36.8,6.88,23.85
746,992.315,5.2,56.9,36.7,6.89,20.73
747,1090.839,36.4,22.6,36.5,7.45,21.44
748,1078.529,30.8,55,37.4,6.99,21.9
749,979.988,3.3,75.9,37.3,7.48,24.4
750,1020.644,23.4,79.4,36.5,6.9,23.16
751,1085.546,26.7,90.3,37.3,7.17,23.83
752,1050.217,3.9,85.5,36.7,7.22,23.91
753,1035.512,19,59,37.3,7.09,24.52
754,1077.581,34.1,62.8,37,7.06,24.11
755,1027.254,27.5,93.7,36.9,6.95,21.04
756,1024.448,23.9,84.8,36.7,7.11,22.48
757,1039.022,19,67.4,36.9,7.18,20.6
758,1041.935,33.3,52.5,37.1,7.12,23.44
759,1029.971,12.4,38.8,36.8,7.09,25.39
760,1029.19,21.9,64,36.8,6.99,24.54
761,1035.601,25.9,88.4,36.5,7,26.35
762,1067.108,31.2,38,36.4,7.14,23.75
763,1012.954,32.5,71.6,36.9,7.23,21.19
764,1033.205,17.8,66.7,36.9,7.12,21.14
765,1034.207,27.6,73,37.4,7.05,26.18
766,1055.201,26.3,36.5,36.7,7.12,24.48
767,1043.272,35.3,43,37.2,7.04,21.76
768,1046.96,5.5,90.3,37.1,7.08,19.97
769,1049.583,28,38.2,36.8,7.16,23.3
770,986.715,19.4,79.6,37,7.2,23.62
771,1022.148,25.6,81.8,37.1,7.1,23.01
772,1020.147,18.9,83.8,36.9,7.25,21.95
773,1035.146,26.5,92,36.8,7.17,19.05
774,1081.727,35.7,18.2,37,6.97,22.82
775,1022.154,24.3,77.9,37.3,7.09,19.45
776,1062.14,26.6,80.1,37,7.04,21.77
777,1037.695,31.8,71.8,37.1,7.09,21.73
778,1003.652,21.6,63.5,37.2,7.07,26.54
779,1087.035,26.3,53.1,36.8,7.13,20.78
780,1022.449,28.9,86.8,36.8,7.04,22.59
781,993.097,24.9,77.9,37.3,6.98,22.96
782,1089.207,30.9,53,36.9,7.14,23.76
783,1046.737,30.9,55,37,7.36,22.96
784,1052.899,30.6,71,37.6,7.17,23.07
785,1022.061,23.2,91,37,7.14,22.23
786,1027.689,7.9,80.3,36.8,7.4,20.45
787,1067,29.6,42.2,36.3,7.37,24.07
788,1036.712,38.7,16.2,36.9,7.28,18
789,1064.918,29.3,48.3,37,7.23,23.52
790,997.977,16,42.2,37.1,7.22,19.99
791,1023.353,26.5,79.7,37.2,7,21.78
792,1087.335,33.4,50.2,37,7.1,21.5
793,1029.529,33.9,52.5,37,7.49,22.29
794,1065.704,20.1,81.4,37.5,7.34,22.6
795,1033.605,27.3,71.6,37.6,7.17,25.66
796,1011.115,5.1,71.1,36.8,7.19,20.1
797,994.429,10.4,80.7,36.9,7.21,22.95
798,1074.382,28.1,59,37,7.21,24.38
799,1035.537,26.1,58,37,7.03,22.25
800,978.946,5.1,35.6,36.7,7.16,23.03
801,1083.089,32.6,82.3,37.5,7.15,21.55
802,1031.238,26.7,63.1,37.3,7.34,22.49
803,1056.844,27.7,54.6,37.3,6.85,22.45
804,1037.833,25.5,75.5,36.9,7.08,24.94
805,1086.979,39.7,32.2,36.7,7.08,23.08
806,1033.682,27.6,91.2,37.3,7.09,18
807,1010.727,9.2,60.1,37,7.09,19.44
808,1021.146,5.3,72.1,37.4,7.08,24.9
809,1050.136,27.6,54.4,36.8,7.25,23.6
810,1036.158,26.4,90.7,37.6,6.93,23.46
811,1053.59,19.7,31.6,36.1,7.34,19.51
812,1034.452,22.6,88.8,37.4,7.22,23.17
813,1071.864,27.7,94,36.7,6.96,22.91
814,1030.523,16.9,54.9,36.9,6.98,20.04
815,973.086,7.6,43.5,37.1,7.23,25.67
816,1028.264,37.5,50.6,36.8,7.54,23.04
817,1027.029,30.5,66.1,37.1,7.03,22.32
818,1087.337,34,30.5,36.9,6.92,22
819,1051.487,25.5,83.7,37,6.82,20.91
820,1058.075,37.1,65.2,36.9,6.99,24.23
821,1033.767,24.9,67.4,37,7.01,18.83
822,1052.097,29.9,87.4,36.8,7.37,20.93
823,1068.118,34.6,64,37.1,7.04,22.48
824,1046.159,40.2,11,36.9,7.42,21.79
825,1051.381,28.7,35.4,36.3,7.1,22.89
826,1004.561,9.3,65.6,37.2,7.08,22.44
827,1064.066,33.7,74.1,36.8,7.11,21.01
828,1043.495,32.1,45.3,36.5,7.18,23.4
829,1077.167,24.9,58.3,37,6.93,20.29
830,1036.152,29.4,37.5,37.2,7.08,24.71
831,1055.813,32.1,65.2,36.7,6.89,22.36
832,1100.03,31.9,49,37.1,6.88,22.67
833,1060.394,29.4,78.3,37.1,6.9,22.29
834,1058.521,28.1,90.6,36.6,6.98,27.2
835,1005.698,29.6,57.1,37,7.4,23.19
836,1045.126,31.5,10,37.1,7.19,22.79
837,1050.618,25.5,61.1,37.1,7.01,22.52
838,1001.932,36.4,48.2,37.4,7.14,22.28
839,1067.638,38.1,47.2,37.4,7.34,21.32
840,996.643,15.3,78.2,36.7,7.12,22.47
841,1032.179,28.1,87.1,36.7,7.26,19.65
842,1035.935,24.6,70.4,37,7.3,22.76
843,996.074,25.8,91.6,37,7.02,25.89
844,979.113,7.6,31.1,37,6.96,18.75
845,1026.127,29.4,80.6,37.9,6.94,21.87
846,1028.919,39,25.3,37.2,7,19.4
847,1071.414,23.6,80.9,36.9,6.99,25.46
848,1008.058,13,13.1,36.7,7.07,21.6
849,1056.069,28,45.4,36.8,7.16,21.18
850,1035.285,33.8,38.2,36.5,7.19,23.64
851,1002.82,23.2,96.1,37.2,6.85,26.34
852,1032.383,22.1,60,36.3,7.06,24.43
853,1007.425,27.8,44.8,37.1,7.28,25.16
854,1016.482,10.2,81.4,36.9,6.71,25.12
855,1090.762,29.3,56.1,36.9,6.68,21.2
856,1042.644,29,84.3,37.4,7.15,21.21
857,1080.701,29.6,70,37.2,6.94,23.32
858,1069.708,31.9,51,36.5,6.99,23.33
859,1057.887,33.5,54.8,36.7,7,18.37
860,1083.134,31.3,88.5,37.4,6.84,27.46
861,1046.897,19.7,79.3,36.9,6.86,24.67
862,1050.71,28.2,64,36.5,6.88,23.05
863,1043.697,27.9,59.7,37.1,7.24,24.21
864,1060.198,36.2,50.5,36.8,7.44,20.25
865,1078.657,43.5,31.3,37.3,7.32,21.82
866,1065.565,32.9,50,37.2,6.8,21.72
867,1026.999,31.3,90,37.1,7.15,26.25
868,1033.046,32,88.1,37.5,7,23.08
869,998.304,12.2,59.1,37.1,7.16,24.04
870,1038.175,14.3,67.6,37.3,6.92,20.66
871,1049.962,33.5,23.7,36.7,7.06,24.67
872,1050.087,31,44.1,37.3,7,23.89
873,1098.162,25.8,83.1,37.1,6.96,23.39
874,1123.421,37.4,39.6,37.1,7.19,22.45
875,996.908,27.4,85.9,37.3,6.86,21.83
876,1006.428,24.7,81.6,37.1,6.95,23.14
877,1071.527,28.5,49.7,37.2,7.24,25.44
878,1055.762,33.8,65.7,37.1,7.04,26.07
879,1033.887,25.3,78.1,37.4,7.24,24.71
880,1120.586,33,75,37,7.25,24.2
881,1057.724,32.1,67.2,36.9,7.46,22.45
882,1051.897,21.7,83.2,37.2,7.01,19.98
883,1015.596,28.4,88.6,37.5,6.97,21.21
884,1073.523,25.3,95.7,37.4,7.12,23.27
885,1048.536,24.6,66,36.9,6.87,22.92
886,1051.04,29.5,85.7,36.9,6.95,24.48
887,1020.944,20.4,71,37,6.99,23.46
888,1106.345,28.6,63.5,36.7,7.27,21.28
889,1060.617,29.1,79.2,37.3,6.9,21.25
890,1065.868,31.4,49.7,37.3,6.99,22.31
891,1080.072,24.5,71.8,36.7,7.13,21.44
892,1036.338,15.9,87.5,36.7,6.86,21.91
893,1080.959,32.5,70.4,36.8,6.93,21.86
894,1061.849,38.2,39.6,36.9,7.12,24.37
895,1009.104,27.4,67.4,37,7.05,23.52
896,1079.63,37.7,51.2,36.8,6.99,23.9
897,1055.872,31.5,50.8,37,6.88,24.74
898,1039.015,3.7,42,37.3,7.04,22.69
899,1036.977,27.7,88.5,36.7,7.1,20.36
900,1087.797,28.7,82.9,36.9,6.91,24.75
901,1055.811,34.9,56.9,36.5,7.41,21.5
902,1075.325,28.8,94.3,37,7.27,20.85
903,1009.208,26.7,92.7,36.2,7.05,22.05
904,1105.953,29.1,45.7,36.8,6.96,26.73
905,1053.446,33.4,45.8,36.9,7.14,21.68
906,1005.039,14.9,66.9,36.8,6.91,19.72
907,1072.556,25,55.6,36.9,7.32,22.94
908,1016.958,31.7,78.8,37.2,7.04,23.79
909,1052.131,34.5,53.7,37.1,7.06,18.02
910,1041.771,37.1,39.7,36.8,7.14,23.72
911,1033.903,29.4,38.7,37.4,7.27,24
912,1041.176,33.6,66.4,36.5,7.25,22.28
913,1093.071,35.6,73.6,36.9,6.77,20.31
914,1052.033,34,26.7,37.4,7.26,23.62
915,1071.478,28.2,51.7,37,7.26,23.99
916,1049.744,36.6,37.4,37,6.97,23.17
917,1059.932,34.7,58.2,36.7,7.12,23.37
918,1000.894,14.6,80.3,36.7,7,24.4
919,1063.832,30.8,66.2,36.9,7.32,23.87
920,1034.758,25.6,90.4,36.7,6.91,21.83
921,969.654,8.9,43.4,37.2,7.3,24.96
922,1041.725,27.6,60.3,37,7.11,25.42
923,1068.821,3.8,74.1,37.2,7.2,21.94
924,1038.547,28.8,68.7,37.4,7.1,25.61
925,1093.852,36,15.9,36.9,7.25,23.22
926,1048.091,30.6,74.1,36.9,7.05,23.17
927,1032.962,34.1,55.6,37.1,7.11,22.77
928,1038.546,29.6,48,37,7.13,25.55
929,1001.639,20.3,61.3,37.8,6.95,24.47
930,994.104,25.8,57.6,37.6,6.88,20
931,1084.451,29.8,94,36.8,7.18,26.57
932,1034.549,24,42.4,36.7,7.06,22.62
933,1046.512,21.7,59.1,36.9,7.28,23.13
934,1041.2,32.7,50.9,37.6,6.9,22.75
935,1069.381,28.9,95.1,37,6.86,24.51
936,1021.691,26.2,60,36.5,7.01,24.62
937,1055.603,28.2,74.7,37.3,6.88,21.37
938,1015.201,8.2,72.6,37,7.3,23.61
939,1000.593,27.1,86.5,37.1,7.07,23.66
940,1063.927,31.1,41.8,36.6,7.35,22.54
941,1034.119,28.6,51.8,37.4,7.14,24.02
942,1030.618,27.6,68,37.4,7.03,18
943,999.977,19.1,53.9,37,7.07,22.44
944,1010.949,27,76.3,36.4,7.07,24.8
945,1000.209,34.4,51,36.8,7.05,23.67
946,1008.518,27.5,92.8,36.7,6.98,20.99
947,1033.935,25.6,93,36.8,7.1,20.46
948,997.495,9.2,74,36.5,7.22,22.03
949,1027.214,12.7,55,36.9,7.07,18.24
950,1035.666,24.5,57.4,37.3,6.98,23.59
951,1064.238,27.8,45.7,36.7,7.07,28
952,1043.832,24.1,53.1,37.1,7.32,21.19
953,1074.806,29.9,90.3,36.7,7.14,25.36
954,1030.466,9.7,59.6,37.3,6.93,20.26
955,1037.812,42.3,27.4,37.4,7.22,25.85
956,1074.943,44.2,38.8,36.8,7.09,21.59
957,1048.912,35.1,51.7,36.2,7.17,22.85
958,1037.411,27.3,91.5,37.3,7.12,22.92
959,1085.57,28,78.6,37.2,7.16,25.51
960,1025.471,22.3,79.8,36.7,7.19,20.95
961,1049.901,28.6,63.6,36.5,7.08,22.26
962,1032.618,18.7,60.2,37.1,7.2,25.31
963,1052.085,33.2,52.5,36.9,6.91,25.22
964,1061.279,40.7,44,37,7.33,25.94
965,1058.361,31.9,67.1,37.5,7.07,25.58
966,1065.171,37.5,16.8,37.7,7.08,25.31
967,1031.651,22.6,57.9,37,6.84,23.49
968,1087.564,31.2,44.6,37.5,7.14,22.48
969,1082.785,27.4,53.2,36.9,6.94,21.76
970,997.584,24.5,65.9,36.8,7.01,26.48
971,1033.272,19.8,70.7,37.2,7.16,19.6
972,1030.971,6,67.8,36.6,7.13,24.93
973,1062.381,20.1,96.4,37.2,7.07,27.73
974,1055.661,27.7,57.7,36.3,7.14,22.92
975,1030.261,26.7,68.6,37.1,7.32,23.88
976,1026.934,27.3,64.6,36.9,6.99,22.21
977,1024.245,31.1,34.3,36.9,7.13,26.59
978,1058.262,26.3,79.6,36.7,7.36,21.13
979,1036.243,33.3,52.4,37.1,7.07,23.68
980,1044.764,28.4,71.8,36.6,7.33,23.6
981,1038.749,34.5,53.7,37.3,6.71,21.15
982,1041.001,20,67.4,37.1,7.21,21.67
983,1048.869,28.7,86,37.3,7.2,21.21
984,1062.921,26.7,80.6,36.9,7.13,22.9
985,998.711,25.1,71.7,36.8,6.96,21.61
986,1065.146,31.4,41.6,36.9,7.2,20.84
987,1078.26,29,83.5,36.7,6.96,22.71
988,1038.346,29.1,16,36.9,6.98,23.06
989,1095.438,36.4,57.1,37.4,7.33,23.57
990,1074.335,17.1,75.5,37.3,7.08,24.72
991,1033.431,27.3,83,37.1,6.71,25.39
992,1079.692,21.8,67.3,36.6,7.37,21.23
993,1073.955,32.4,53.2,37.2,7.19,23.66
994,1024.01,38.8,37.7,36.5,7.07,20.02
995,1043.337,34,20.8,36.7,7.23,22.64
996,1001.144,29.8,78.9,36.9,7.15,18.23
997,1043.089,11.7,72.4,37.5,7.12,22.61
998,1101.281,28.6,98.3,36.4,7.13,23.56
999,986.915,24.9,30.6,37,7.14,20.66
1000,1076.021,33.6,38.2,37.3,7.18,22.67
